,STATION,DATE,TEMP,MAX,MIN,Celsius
0,RPM00098646,2017-01-01,79.70,86.00,,26
1,RPM00098646,2017-01-02,79.88,85.64,,27
2,RPM00098646,2017-01-03,82.40,88.52,76.64,28
3,RPM00098646,2017-01-04,82.04,89.24,,28
4,RPM00098646,2017-01-05,81.32,88.52,77.00,27
5,RPM00098646,2017-01-06,80.42,86.00,,27
6,RPM00098646,2017-01-07,79.88,84.56,76.10,27
7,RPM00098646,2017-01-08,77.90,79.16,76.28,26
8,RPM00098646,2017-01-09,78.98,83.30,75.92,26
9,RPM00098646,2017-01-10,77.72,,75.92,25
10,RPM00098646,2017-01-11,76.28,,,25
11,RPM00098646,2017-01-12,78.98,86.72,,26
12,RPM00098646,2017-01-13,78.44,86.00,74.48,26
13,RPM00098646,2017-01-14,78.08,80.60,75.56,26
14,RPM00098646,2017-01-15,80.60,86.00,76.46,27
15,RPM00098646,2017-01-16,75.92,77.54,,24
16,RPM00098646,2017-01-17,77.54,80.78,74.66,25
17,RPM00098646,2017-01-18,78.62,84.20,74.48,26
18,RPM00098646,2017-01-19,77.54,,,25
19,RPM00098646,2017-01-20,80.78,86.36,74.66,27
20,RPM00098646,2017-01-21,80.42,86.36,76.10,27
21,RPM00098646,2017-01-22,80.96,,76.64,27
22,RPM00098646,2017-01-23,81.14,86.72,,27
23,RPM00098646,2017-01-24,81.14,86.36,75.92,27
24,RPM00098646,2017-01-25,80.42,86.90,,27
25,RPM00098646,2017-01-26,79.88,86.00,,27
26,RPM00098646,2017-01-27,80.42,86.90,75.02,27
27,RPM00098646,2017-01-28,78.62,,,26
28,RPM00098646,2017-01-29,80.96,86.90,75.20,27
29,RPM00098646,2017-01-30,81.86,88.88,76.28,28
30,RPM00098646,2017-01-31,82.22,,77.00,28
31,RPM00098646,2017-02-01,78.44,86.00,,26
32,RPM00098646,2017-02-02,81.68,89.60,76.28,28
33,RPM00098646,2017-02-03,78.44,83.30,,26
34,RPM00098646,2017-02-04,79.88,85.10,75.02,27
35,RPM00098646,2017-02-05,81.14,86.90,75.20,27
36,RPM00098646,2017-02-06,80.24,,,27
37,RPM00098646,2017-02-07,80.78,,74.84,27
38,RPM00098646,2017-02-08,81.50,,,28
39,RPM00098646,2017-02-09,80.78,87.44,,27
40,RPM00098646,2017-02-10,79.16,85.64,,26
41,RPM00098646,2017-02-11,79.70,86.36,74.48,26
42,RPM00098646,2017-02-12,78.80,86.00,,26
43,RPM00098646,2017-02-13,78.98,84.92,73.40,26
44,RPM00098646,2017-02-14,79.16,85.28,73.76,26
45,RPM00098646,2017-02-15,79.88,85.64,,27
46,RPM00098646,2017-02-16,75.92,79.16,,24
47,RPM00098646,2017-02-17,80.06,85.64,73.22,27
48,RPM00098646,2017-02-18,80.78,87.08,76.64,27
49,RPM00098646,2017-02-19,79.88,85.28,,27
50,RPM00098646,2017-02-20,77.54,81.50,,25
51,RPM00098646,2017-02-21,80.96,86.00,,27
52,RPM00098646,2017-02-22,80.06,85.82,75.92,27
53,RPM00098646,2017-02-23,78.44,86.36,,26
54,RPM00098646,2017-02-24,79.70,85.64,,26
55,RPM00098646,2017-02-25,80.96,88.16,73.40,27
56,RPM00098646,2017-02-26,82.04,,75.20,28
57,RPM00098646,2017-02-27,81.50,86.00,,28
58,RPM00098646,2017-02-28,80.96,88.52,,27
59,RPM00098646,2017-03-01,81.50,87.80,75.20,28
60,RPM00098646,2017-03-02,81.68,88.70,76.82,28
61,RPM00098646,2017-03-03,80.96,88.34,,27
62,RPM00098646,2017-03-04,81.32,88.70,75.56,27
63,RPM00098646,2017-03-05,82.04,,76.46,28
64,RPM00098646,2017-03-06,80.06,84.20,77.00,27
65,RPM00098646,2017-03-07,79.88,86.18,,27
66,RPM00098646,2017-03-08,79.88,87.80,,27
67,RPM00098646,2017-03-09,78.62,82.40,73.76,26
68,RPM00098646,2017-03-10,81.50,87.80,74.48,28
69,RPM00098646,2017-03-11,79.34,84.20,76.64,26
70,RPM00098646,2017-03-12,80.96,86.90,,27
71,RPM00098646,2017-03-13,80.78,86.36,75.92,27
72,RPM00098646,2017-03-14,82.58,,75.20,28
73,RPM00098646,2017-03-15,81.32,88.88,,27
74,RPM00098646,2017-03-16,78.98,85.28,,26
75,RPM00098646,2017-03-17,81.32,87.80,74.48,27
76,RPM00098646,2017-03-18,80.24,86.54,,27
77,RPM00098646,2017-03-19,81.68,87.80,73.94,28
78,RPM00098646,2017-03-20,78.62,83.30,,26
79,RPM00098646,2017-03-21,81.86,,75.56,28
80,RPM00098646,2017-03-22,82.94,90.32,,28
81,RPM00098646,2017-03-23,82.94,90.32,75.20,28
82,RPM00098646,2017-03-24,83.84,,76.64,29
83,RPM00098646,2017-03-25,84.02,91.04,,29
84,RPM00098646,2017-03-26,83.48,90.68,77.18,29
85,RPM00098646,2017-03-27,82.76,88.70,78.44,28
86,RPM00098646,2017-03-28,80.24,85.28,,27
87,RPM00098646,2017-03-29,82.22,88.16,75.92,28
88,RPM00098646,2017-03-30,79.34,85.10,,26
89,RPM00098646,2017-03-31,78.08,81.50,75.92,26
90,RPM00098646,2017-04-01,81.86,,76.10,28
91,RPM00098646,2017-04-02,81.68,88.16,,28
92,RPM00098646,2017-04-03,78.62,86.54,,26
93,RPM00098646,2017-04-04,76.46,77.54,74.84,25
94,RPM00098646,2017-04-05,80.96,,74.84,27
95,RPM00098646,2017-04-06,80.24,84.56,76.28,27
96,RPM00098646,2017-04-07,81.50,,,28
97,RPM00098646,2017-04-08,82.58,88.70,77.00,28
98,RPM00098646,2017-04-09,81.86,88.52,,28
99,RPM00098646,2017-04-10,81.32,89.42,,27
100,RPM00098646,2017-04-11,83.12,89.96,74.84,28
101,RPM00098646,2017-04-12,83.48,,77.00,29
102,RPM00098646,2017-04-13,84.38,91.04,78.08,29
103,RPM00098646,2017-04-14,84.02,90.50,79.16,29
104,RPM00098646,2017-04-15,82.04,88.70,,28
105,RPM00098646,2017-04-16,79.16,83.30,,26
106,RPM00098646,2017-04-17,83.12,,75.92,28
107,RPM00098646,2017-04-18,82.58,90.14,75.74,28
108,RPM00098646,2017-04-19,83.48,89.60,75.56,29
109,RPM00098646,2017-04-20,83.84,89.96,77.00,29
110,RPM00098646,2017-04-21,83.66,,78.08,29
111,RPM00098646,2017-04-22,84.02,,78.08,29
112,RPM00098646,2017-04-23,84.02,91.04,78.44,29
113,RPM00098646,2017-04-24,84.38,90.32,78.08,29
114,RPM00098646,2017-04-25,83.84,89.60,77.72,29
115,RPM00098646,2017-04-26,84.56,89.96,,29
116,RPM00098646,2017-04-27,82.58,89.96,,28
117,RPM00098646,2017-04-28,83.12,89.60,75.92,28
118,RPM00098646,2017-04-29,84.20,91.58,76.46,29
119,RPM00098646,2017-04-30,84.38,91.94,78.44,29
120,RPM00098646,2017-05-01,85.10,92.30,78.08,29
121,RPM00098646,2017-05-02,86.00,94.10,79.16,30
122,RPM00098646,2017-05-03,82.58,92.30,,28
123,RPM00098646,2017-05-04,84.92,90.32,74.30,29
124,RPM00098646,2017-05-05,85.46,90.68,79.88,30
125,RPM00098646,2017-05-06,85.46,89.78,80.60,30
126,RPM00098646,2017-05-07,81.14,86.90,,27
127,RPM00098646,2017-05-08,84.20,89.42,77.00,29
128,RPM00098646,2017-05-09,82.94,90.32,,28
129,RPM00098646,2017-05-10,83.48,89.60,77.00,29
130,RPM00098646,2017-05-11,82.76,87.80,78.80,28
131,RPM00098646,2017-05-12,82.04,86.72,,28
132,RPM00098646,2017-05-13,82.76,88.34,78.26,28
133,RPM00098646,2017-05-14,84.74,89.96,79.52,29
134,RPM00098646,2017-05-15,83.84,89.96,,29
135,RPM00098646,2017-05-16,84.02,90.50,,29
136,RPM00098646,2017-05-17,84.56,,77.54,29
137,RPM00098646,2017-05-18,85.10,91.94,77.72,29
138,RPM00098646,2017-05-19,86.00,92.66,79.70,30
139,RPM00098646,2017-05-20,83.84,91.22,,29
140,RPM00098646,2017-05-21,85.46,93.20,76.82,30
141,RPM00098646,2017-05-22,82.94,89.78,,28
142,RPM00098646,2017-05-23,83.66,92.12,78.80,29
143,RPM00098646,2017-05-24,84.38,92.48,,29
144,RPM00098646,2017-05-25,83.66,91.40,78.80,29
145,RPM00098646,2017-05-26,84.20,92.30,79.16,29
146,RPM00098646,2017-05-27,85.46,91.58,79.52,30
147,RPM00098646,2017-05-28,85.46,,,30
148,RPM00098646,2017-05-29,86.18,91.94,,30
149,RPM00098646,2017-05-30,85.64,92.48,,30
150,RPM00098646,2017-05-31,84.74,92.48,,29
151,RPM00098646,2017-06-01,85.46,92.66,,30
152,RPM00098646,2017-06-02,86.00,93.56,78.80,30
153,RPM00098646,2017-06-03,86.00,94.46,,30
154,RPM00098646,2017-06-04,86.36,96.44,,30
155,RPM00098646,2017-06-05,82.94,,,28
156,RPM00098646,2017-06-06,82.58,,75.92,28
157,RPM00098646,2017-06-07,83.48,,76.64,29
158,RPM00098646,2017-06-08,79.52,84.20,,26
159,RPM00098646,2017-06-09,80.78,85.28,75.02,27
160,RPM00098646,2017-06-10,83.48,90.50,78.08,29
161,RPM00098646,2017-06-11,84.92,92.30,78.44,29
162,RPM00098646,2017-06-12,83.12,90.50,78.08,28
163,RPM00098646,2017-06-13,84.74,91.76,78.44,29
164,RPM00098646,2017-06-14,85.10,,,29
165,RPM00098646,2017-06-15,85.28,,,30
166,RPM00098646,2017-06-16,84.74,91.04,,29
167,RPM00098646,2017-06-17,83.84,90.14,,29
168,RPM00098646,2017-06-18,84.20,90.32,75.38,29
169,RPM00098646,2017-06-19,84.56,90.50,77.00,29
170,RPM00098646,2017-06-20,83.48,91.04,77.72,29
171,RPM00098646,2017-06-21,82.58,90.68,,28
172,RPM00098646,2017-06-22,83.48,90.32,75.02,29
173,RPM00098646,2017-06-23,83.84,,,29
174,RPM00098646,2017-06-24,81.86,87.80,,28
175,RPM00098646,2017-06-25,85.10,,77.36,29
176,RPM00098646,2017-06-26,83.48,91.04,,29
177,RPM00098646,2017-06-27,83.48,91.40,,29
178,RPM00098646,2017-06-28,81.86,89.78,,28
179,RPM00098646,2017-06-29,83.84,92.30,75.92,29
180,RPM00098646,2017-06-30,81.50,88.52,,28
181,RPM00098646,2017-07-01,81.14,88.88,,27
182,RPM00098646,2017-07-02,80.42,87.80,76.28,27
183,RPM00098646,2017-07-03,80.78,86.36,75.92,27
184,RPM00098646,2017-07-04,81.14,88.88,75.92,27
185,RPM00098646,2017-07-05,83.30,89.78,77.00,28
186,RPM00098646,2017-07-06,82.58,,,28
187,RPM00098646,2017-07-07,81.68,86.18,75.38,28
188,RPM00098646,2017-07-08,81.68,89.60,,28
189,RPM00098646,2017-07-09,80.96,88.16,,27
190,RPM00098646,2017-07-10,81.86,,76.28,28
191,RPM00098646,2017-07-11,80.06,,77.00,27
192,RPM00098646,2017-07-12,81.50,88.16,76.82,28
193,RPM00098646,2017-07-13,81.32,,74.66,27
194,RPM00098646,2017-07-14,80.96,87.08,76.82,27
195,RPM00098646,2017-07-15,79.34,85.28,76.46,26
196,RPM00098646,2017-07-16,81.86,88.70,75.74,28
197,RPM00098646,2017-07-17,83.48,,75.92,29
198,RPM00098646,2017-07-18,81.32,88.88,,27
199,RPM00098646,2017-07-19,81.32,88.52,73.76,27
200,RPM00098646,2017-07-20,82.40,90.14,75.02,28
201,RPM00098646,2017-07-21,80.42,89.60,,27
202,RPM00098646,2017-07-22,80.06,88.34,,27
203,RPM00098646,2017-07-23,78.62,,74.84,26
204,RPM00098646,2017-07-24,83.48,,,29
205,RPM00098646,2017-07-25,82.40,,75.92,28
206,RPM00098646,2017-07-26,83.84,89.78,78.08,29
207,RPM00098646,2017-07-27,84.56,,78.62,29
208,RPM00098646,2017-07-28,85.64,93.20,79.70,30
209,RPM00098646,2017-07-29,85.46,92.84,77.90,30
210,RPM00098646,2017-07-30,85.28,91.76,79.70,30
211,RPM00098646,2017-07-31,86.18,93.02,80.24,30
212,RPM00098646,2017-08-01,85.46,92.12,80.24,30
213,RPM00098646,2017-08-02,84.74,91.40,,29
214,RPM00098646,2017-08-03,84.02,91.04,,29
215,RPM00098646,2017-08-04,82.04,90.68,,28
216,RPM00098646,2017-08-05,84.92,92.12,77.00,29
217,RPM00098646,2017-08-06,83.84,,,29
218,RPM00098646,2017-08-07,82.58,91.76,,28
219,RPM00098646,2017-08-08,83.84,91.40,75.92,29
220,RPM00098646,2017-08-09,84.02,92.84,76.10,29
221,RPM00098646,2017-08-10,84.02,92.84,76.64,29
222,RPM00098646,2017-08-11,84.02,,76.64,29
223,RPM00098646,2017-08-12,83.66,92.12,77.90,29
224,RPM00098646,2017-08-13,83.48,,77.72,29
225,RPM00098646,2017-08-14,83.84,,,29
226,RPM00098646,2017-08-15,83.48,88.34,76.64,29
227,RPM00098646,2017-08-16,81.32,86.18,76.10,27
228,RPM00098646,2017-08-17,82.22,88.34,,28
229,RPM00098646,2017-08-18,82.58,91.76,76.64,28
230,RPM00098646,2017-08-19,82.40,86.54,75.20,28
231,RPM00098646,2017-08-20,82.04,89.78,77.00,28
232,RPM00098646,2017-08-21,81.68,89.06,77.00,28
233,RPM00098646,2017-08-22,84.02,91.22,77.72,29
234,RPM00098646,2017-08-23,82.76,,,28
235,RPM00098646,2017-08-24,80.06,87.08,75.20,27
236,RPM00098646,2017-08-25,81.14,88.34,75.20,27
237,RPM00098646,2017-08-26,82.76,91.40,76.28,28
238,RPM00098646,2017-08-27,83.12,89.78,76.64,28
239,RPM00098646,2017-08-28,81.86,87.44,,28
240,RPM00098646,2017-08-29,83.66,,75.92,29
241,RPM00098646,2017-08-30,84.56,91.40,77.36,29
242,RPM00098646,2017-08-31,84.56,91.40,,29
243,RPM00098646,2017-09-01,84.74,91.04,78.80,29
244,RPM00098646,2017-09-02,84.56,93.38,,29
245,RPM00098646,2017-09-03,84.38,92.66,78.80,29
246,RPM00098646,2017-09-04,83.66,90.50,78.80,29
247,RPM00098646,2017-09-05,82.94,92.84,,28
248,RPM00098646,2017-09-06,83.84,91.58,75.02,29
249,RPM00098646,2017-09-07,84.92,91.40,75.38,29
250,RPM00098646,2017-09-08,83.66,90.68,,29
251,RPM00098646,2017-09-09,81.68,,76.10,28
252,RPM00098646,2017-09-10,81.14,,77.00,27
253,RPM00098646,2017-09-11,82.22,89.60,,28
254,RPM00098646,2017-09-12,84.74,90.32,78.80,29
255,RPM00098646,2017-09-13,82.94,91.04,,28
256,RPM00098646,2017-09-14,83.30,89.78,,28
257,RPM00098646,2017-09-15,81.68,89.60,77.00,28
258,RPM00098646,2017-09-16,82.04,90.86,,28
259,RPM00098646,2017-09-17,82.58,89.78,73.58,28
260,RPM00098646,2017-09-18,82.22,89.06,77.72,28
261,RPM00098646,2017-09-19,80.96,90.68,,27
262,RPM00098646,2017-09-20,80.96,87.98,75.56,27
263,RPM00098646,2017-09-21,80.42,89.60,75.92,27
264,RPM00098646,2017-09-22,79.16,89.24,,26
265,RPM00098646,2017-09-23,81.14,,75.20,27
266,RPM00098646,2017-09-24,81.68,88.16,76.10,28
267,RPM00098646,2017-09-25,77.54,83.48,74.48,25
268,RPM00098646,2017-09-26,82.58,90.32,,28
269,RPM00098646,2017-09-27,83.12,90.32,,28
270,RPM00098646,2017-09-28,81.86,88.70,76.28,28
271,RPM00098646,2017-09-29,79.88,,,27
272,RPM00098646,2017-09-30,81.50,87.98,75.56,28
273,RPM00098646,2017-10-01,83.48,,,29
274,RPM00098646,2017-10-02,82.58,90.32,,28
275,RPM00098646,2017-10-03,82.22,89.96,,28
276,RPM00098646,2017-10-04,82.58,88.16,77.00,28
277,RPM00098646,2017-10-05,83.48,90.32,76.64,29
278,RPM00098646,2017-10-06,81.68,88.88,,28
279,RPM00098646,2017-10-07,82.58,90.86,76.28,28
280,RPM00098646,2017-10-08,83.12,,77.36,28
281,RPM00098646,2017-10-09,82.58,90.14,77.72,28
282,RPM00098646,2017-10-10,83.30,89.96,76.28,28
283,RPM00098646,2017-10-11,85.64,92.84,78.08,30
284,RPM00098646,2017-10-12,82.94,,78.80,28
285,RPM00098646,2017-10-13,82.94,87.80,80.24,28
286,RPM00098646,2017-10-14,82.22,89.60,78.44,28
287,RPM00098646,2017-10-15,80.96,,,27
288,RPM00098646,2017-10-16,80.42,,,27
289,RPM00098646,2017-10-17,81.50,89.60,75.20,28
290,RPM00098646,2017-10-18,80.78,87.08,,27
291,RPM00098646,2017-10-19,79.88,82.76,76.28,27
292,RPM00098646,2017-10-20,81.86,85.10,76.82,28
293,RPM00098646,2017-10-21,82.58,,78.44,28
294,RPM00098646,2017-10-22,83.48,,,29
295,RPM00098646,2017-10-23,82.94,89.60,75.92,28
296,RPM00098646,2017-10-24,82.76,87.80,,28
297,RPM00098646,2017-10-25,80.60,86.54,,27
298,RPM00098646,2017-10-26,82.58,88.16,74.48,28
299,RPM00098646,2017-10-27,82.04,89.06,76.64,28
300,RPM00098646,2017-10-28,81.14,89.06,76.28,27
301,RPM00098646,2017-10-29,82.04,88.52,75.56,28
302,RPM00098646,2017-10-30,82.22,88.16,75.92,28
303,RPM00098646,2017-10-31,78.08,80.60,,26
304,RPM00098646,2017-11-01,81.14,88.16,76.46,27
305,RPM00098646,2017-11-02,83.48,,76.64,29
306,RPM00098646,2017-11-03,82.94,89.24,,28
307,RPM00098646,2017-11-04,83.84,88.88,77.18,29
308,RPM00098646,2017-11-05,84.74,89.06,80.24,29
309,RPM00098646,2017-11-06,83.12,88.70,,28
310,RPM00098646,2017-11-07,80.42,86.36,78.44,27
311,RPM00098646,2017-11-08,82.76,88.88,,28
312,RPM00098646,2017-11-09,82.22,88.70,77.72,28
313,RPM00098646,2017-11-10,83.48,,77.36,29
314,RPM00098646,2017-11-11,81.32,89.24,,27
315,RPM00098646,2017-11-12,80.78,88.16,,27
316,RPM00098646,2017-11-13,83.66,,77.54,29
317,RPM00098646,2017-11-14,83.48,90.32,,29
318,RPM00098646,2017-11-15,83.66,89.78,,29
319,RPM00098646,2017-11-16,79.88,85.82,,27
320,RPM00098646,2017-11-17,81.14,86.18,,27
321,RPM00098646,2017-11-18,82.04,88.88,76.64,28
322,RPM00098646,2017-11-19,83.66,88.70,77.90,29
323,RPM00098646,2017-11-20,83.84,,79.16,29
324,RPM00098646,2017-11-21,82.04,85.46,80.06,28
325,RPM00098646,2017-11-22,83.66,89.60,,29
326,RPM00098646,2017-11-23,83.84,89.06,77.90,29
327,RPM00098646,2017-11-24,82.76,89.60,,28
328,RPM00098646,2017-11-25,82.22,88.52,78.08,28
329,RPM00098646,2017-11-26,83.30,,78.62,28
330,RPM00098646,2017-11-27,83.30,88.34,,28
331,RPM00098646,2017-11-28,84.02,90.32,76.10,29
332,RPM00098646,2017-11-29,82.04,87.80,,28
333,RPM00098646,2017-11-30,83.12,89.06,77.00,28
334,RPM00098646,2017-12-01,83.48,89.60,77.18,29
335,RPM00098646,2017-12-02,83.66,,78.80,29
336,RPM00098646,2017-12-03,82.76,89.24,,28
337,RPM00098646,2017-12-04,83.84,90.68,76.64,29
338,RPM00098646,2017-12-05,83.12,90.68,,28
339,RPM00098646,2017-12-06,82.04,88.34,76.64,28
340,RPM00098646,2017-12-07,82.58,90.32,77.00,28
341,RPM00098646,2017-12-08,82.76,91.40,,28
342,RPM00098646,2017-12-09,83.12,89.78,75.92,28
343,RPM00098646,2017-12-10,82.76,,77.90,28
344,RPM00098646,2017-12-11,80.78,90.68,,27
345,RPM00098646,2017-12-12,80.78,88.52,75.92,27
346,RPM00098646,2017-12-13,79.52,,,26
347,RPM00098646,2017-12-14,77.36,80.60,,25
348,RPM00098646,2017-12-15,73.04,75.92,,23
349,RPM00098646,2017-12-16,75.74,78.80,69.08,24
350,RPM00098646,2017-12-17,80.78,87.08,71.06,27
351,RPM00098646,2017-12-18,81.86,88.70,75.92,28
352,RPM00098646,2017-12-19,82.76,87.80,76.10,28
353,RPM00098646,2017-12-20,83.12,88.34,78.08,28
354,RPM00098646,2017-12-21,80.78,87.80,,27
355,RPM00098646,2017-12-22,79.52,81.68,76.46,26
356,RPM00098646,2017-12-23,82.58,88.34,77.72,28
357,RPM00098646,2017-12-24,82.40,88.16,,28
358,RPM00098646,2017-12-25,82.22,87.98,77.00,28
359,RPM00098646,2017-12-26,82.76,87.80,,28
360,RPM00098646,2017-12-27,82.40,88.34,77.36,28
361,RPM00098646,2017-12-28,80.06,87.26,,27
362,RPM00098646,2017-12-29,81.86,,77.18,28
363,RPM00098646,2017-12-30,79.16,,,26
364,RPM00098646,2017-12-31,81.50,86.90,73.76,28
365,RPM00098646,2018-01-01,78.26,82.40,,26
366,RPM00098646,2018-01-02,80.96,84.92,75.92,27
367,RPM00098646,2018-01-03,81.68,87.26,76.46,28
368,RPM00098646,2018-01-04,81.86,,76.28,28
369,RPM00098646,2018-01-05,80.60,,,27
370,RPM00098646,2018-01-06,82.22,87.08,76.82,28
371,RPM00098646,2018-01-07,80.42,86.18,,27
372,RPM00098646,2018-01-08,81.68,87.26,,28
373,RPM00098646,2018-01-09,82.40,89.24,76.64,28
374,RPM00098646,2018-01-10,80.96,87.08,,27
375,RPM00098646,2018-01-11,81.32,87.08,76.46,27
376,RPM00098646,2018-01-12,81.50,88.88,75.92,28
377,RPM00098646,2018-01-13,80.06,88.16,,27
378,RPM00098646,2018-01-14,78.80,86.00,,26
379,RPM00098646,2018-01-15,76.46,78.98,,25
380,RPM00098646,2018-01-16,75.20,,,24
381,RPM00098646,2018-01-17,79.34,,72.14,26
382,RPM00098646,2018-01-18,79.88,,,27
383,RPM00098646,2018-01-19,80.96,86.90,75.38,27
384,RPM00098646,2018-01-20,79.34,87.08,,26
385,RPM00098646,2018-01-21,78.98,82.40,,26
386,RPM00098646,2018-01-22,79.88,85.28,76.10,27
387,RPM00098646,2018-01-23,81.68,87.80,76.46,28
388,RPM00098646,2018-01-24,80.42,85.10,,27
389,RPM00098646,2018-01-25,81.32,86.72,75.20,27
390,RPM00098646,2018-01-26,82.04,89.06,,28
391,RPM00098646,2018-01-27,81.86,88.70,76.28,28
392,RPM00098646,2018-01-28,78.26,82.04,75.20,26
393,RPM00098646,2018-01-29,81.14,87.44,75.20,27
394,RPM00098646,2018-01-30,80.96,88.52,75.02,27
395,RPM00098646,2018-01-31,81.14,86.90,75.20,27
396,RPM00098646,2018-02-01,82.58,88.88,75.56,28
397,RPM00098646,2018-02-02,81.68,,,28
398,RPM00098646,2018-02-03,78.80,84.92,74.48,26
399,RPM00098646,2018-02-04,81.68,86.90,74.84,28
400,RPM00098646,2018-02-05,82.04,86.72,77.00,28
401,RPM00098646,2018-02-06,80.78,87.98,,27
402,RPM00098646,2018-02-07,80.78,87.44,,27
403,RPM00098646,2018-02-08,79.52,,,26
404,RPM00098646,2018-02-09,79.88,87.80,71.96,27
405,RPM00098646,2018-02-10,79.88,87.08,72.68,27
406,RPM00098646,2018-02-11,82.76,89.42,72.86,28
407,RPM00098646,2018-02-12,80.78,90.32,,27
408,RPM00098646,2018-02-13,76.64,79.88,,25
409,RPM00098646,2018-02-14,80.24,83.12,75.92,27
410,RPM00098646,2018-02-15,81.68,,,28
411,RPM00098646,2018-02-16,80.96,88.88,,27
412,RPM00098646,2018-02-17,78.44,85.10,,26
413,RPM00098646,2018-02-18,81.14,87.08,73.40,27
414,RPM00098646,2018-02-19,81.32,87.80,75.38,27
415,RPM00098646,2018-02-20,82.04,87.98,75.92,28
416,RPM00098646,2018-02-21,82.76,88.70,,28
417,RPM00098646,2018-02-22,82.04,87.80,75.38,28
418,RPM00098646,2018-02-23,83.48,89.60,78.44,29
419,RPM00098646,2018-02-24,80.78,86.18,,27
420,RPM00098646,2018-02-25,79.88,86.00,,27
421,RPM00098646,2018-02-26,81.86,88.34,75.92,28
422,RPM00098646,2018-02-27,81.50,87.98,75.92,28
423,RPM00098646,2018-02-28,81.86,,76.10,28
424,RPM00098646,2018-03-01,82.58,88.52,,28
425,RPM00098646,2018-03-02,82.40,88.88,76.28,28
426,RPM00098646,2018-03-03,83.12,89.96,76.64,28
427,RPM00098646,2018-03-04,81.68,88.88,,28
428,RPM00098646,2018-03-05,82.76,89.60,75.92,28
429,RPM00098646,2018-03-06,83.48,90.32,76.46,29
430,RPM00098646,2018-03-07,83.48,89.96,,29
431,RPM00098646,2018-03-08,83.12,91.40,,28
432,RPM00098646,2018-03-09,81.86,89.96,,28
433,RPM00098646,2018-03-10,82.04,,75.56,28
434,RPM00098646,2018-03-11,78.62,86.72,,26
435,RPM00098646,2018-03-12,78.62,82.94,74.66,26
436,RPM00098646,2018-03-13,78.62,83.66,,26
437,RPM00098646,2018-03-14,82.04,86.90,75.02,28
438,RPM00098646,2018-03-15,81.14,87.80,,27
439,RPM00098646,2018-03-16,82.94,87.98,77.90,28
440,RPM00098646,2018-03-17,84.02,90.32,78.26,29
441,RPM00098646,2018-03-18,82.22,87.80,,28
442,RPM00098646,2018-03-19,81.86,,,28
443,RPM00098646,2018-03-20,82.76,89.60,75.56,28
444,RPM00098646,2018-03-21,81.68,89.24,,28
445,RPM00098646,2018-03-22,81.68,,,28
446,RPM00098646,2018-03-23,82.58,88.88,75.56,28
447,RPM00098646,2018-03-24,82.22,89.06,78.26,28
448,RPM00098646,2018-03-25,81.32,87.98,,27
449,RPM00098646,2018-03-26,80.96,88.52,,27
450,RPM00098646,2018-03-27,80.96,88.88,,27
451,RPM00098646,2018-03-28,81.68,88.70,73.76,28
452,RPM00098646,2018-03-29,81.14,88.88,,27
453,RPM00098646,2018-03-30,81.32,87.80,74.48,27
454,RPM00098646,2018-03-31,82.40,89.60,76.64,28
455,RPM00098646,2018-04-01,80.78,88.16,,27
456,RPM00098646,2018-04-02,82.76,89.42,74.12,28
457,RPM00098646,2018-04-03,82.94,89.60,76.82,28
458,RPM00098646,2018-04-04,82.58,90.14,,28
459,RPM00098646,2018-04-05,82.04,87.98,74.48,28
460,RPM00098646,2018-04-06,82.04,88.34,,28
461,RPM00098646,2018-04-07,81.14,88.88,77.00,27
462,RPM00098646,2018-04-08,80.60,84.38,76.64,27
463,RPM00098646,2018-04-09,83.12,89.78,77.36,28
464,RPM00098646,2018-04-10,83.84,90.32,77.90,29
465,RPM00098646,2018-04-11,83.84,,78.80,29
466,RPM00098646,2018-04-12,84.38,89.78,78.80,29
467,RPM00098646,2018-04-13,84.02,89.96,,29
468,RPM00098646,2018-04-14,84.20,90.68,,29
469,RPM00098646,2018-04-15,84.38,89.60,,29
470,RPM00098646,2018-04-16,83.84,89.24,77.18,29
471,RPM00098646,2018-04-17,84.38,90.50,78.26,29
472,RPM00098646,2018-04-18,84.38,90.68,78.44,29
473,RPM00098646,2018-04-19,84.38,,78.26,29
474,RPM00098646,2018-04-20,83.84,89.60,80.60,29
475,RPM00098646,2018-04-21,83.66,,,29
476,RPM00098646,2018-04-22,84.38,,78.08,29
477,RPM00098646,2018-04-23,85.64,91.94,78.44,30
478,RPM00098646,2018-04-24,85.28,92.12,78.26,30
479,RPM00098646,2018-04-25,83.30,91.94,,28
480,RPM00098646,2018-04-26,84.20,89.78,77.72,29
481,RPM00098646,2018-04-27,84.38,90.14,,29
482,RPM00098646,2018-04-28,84.56,91.40,,29
483,RPM00098646,2018-04-29,85.28,91.58,78.44,30
484,RPM00098646,2018-04-30,85.28,92.12,80.24,30
485,RPM00098646,2018-05-01,86.18,91.76,79.52,30
486,RPM00098646,2018-05-02,85.10,93.02,,29
487,RPM00098646,2018-05-03,78.98,84.56,,26
488,RPM00098646,2018-05-04,82.40,88.88,,28
489,RPM00098646,2018-05-05,83.66,90.50,75.56,29
490,RPM00098646,2018-05-06,84.92,91.40,78.62,29
491,RPM00098646,2018-05-07,84.02,92.48,,29
492,RPM00098646,2018-05-08,84.02,92.48,76.64,29
493,RPM00098646,2018-05-09,84.74,91.40,77.54,29
494,RPM00098646,2018-05-10,84.92,92.84,78.08,29
495,RPM00098646,2018-05-11,85.46,91.76,76.28,30
496,RPM00098646,2018-05-12,85.46,93.02,78.98,30
497,RPM00098646,2018-05-13,84.38,92.84,,29
498,RPM00098646,2018-05-14,86.18,94.10,78.08,30
499,RPM00098646,2018-05-15,87.26,93.92,81.14,31
500,RPM00098646,2018-05-16,86.18,93.74,,30
501,RPM00098646,2018-05-17,85.46,92.66,,30
502,RPM00098646,2018-05-18,84.38,93.38,,29
503,RPM00098646,2018-05-19,84.56,91.76,78.44,29
504,RPM00098646,2018-05-20,84.38,91.22,78.80,29
505,RPM00098646,2018-05-21,84.38,92.30,79.16,29
506,RPM00098646,2018-05-22,85.28,92.84,78.44,30
507,RPM00098646,2018-05-23,85.64,92.66,80.06,30
508,RPM00098646,2018-05-24,86.72,91.94,79.70,30
509,RPM00098646,2018-05-25,83.48,92.48,,29
510,RPM00098646,2018-05-26,86.36,93.20,78.26,30
511,RPM00098646,2018-05-27,87.08,92.30,80.60,31
512,RPM00098646,2018-05-28,86.72,93.02,81.32,30
513,RPM00098646,2018-05-29,86.18,90.32,,30
514,RPM00098646,2018-05-30,83.48,90.68,,29
515,RPM00098646,2018-05-31,84.20,91.40,,29
516,RPM00098646,2018-06-01,83.84,90.68,77.18,29
517,RPM00098646,2018-06-02,78.98,,,26
518,RPM00098646,2018-06-03,83.84,90.14,72.86,29
519,RPM00098646,2018-06-04,84.56,90.50,,29
520,RPM00098646,2018-06-05,81.86,87.80,77.72,28
521,RPM00098646,2018-06-06,83.30,89.60,78.98,28
522,RPM00098646,2018-06-07,85.28,90.86,79.52,30
523,RPM00098646,2018-06-08,84.92,,,29
524,RPM00098646,2018-06-09,85.64,92.30,80.24,30
525,RPM00098646,2018-06-10,85.28,89.06,81.68,30
526,RPM00098646,2018-06-11,83.66,88.16,,29
527,RPM00098646,2018-06-12,84.56,93.20,78.44,29
528,RPM00098646,2018-06-13,86.00,92.48,78.44,30
529,RPM00098646,2018-06-14,84.92,92.30,,29
530,RPM00098646,2018-06-15,85.10,93.56,77.54,29
531,RPM00098646,2018-06-16,85.46,93.74,79.16,30
532,RPM00098646,2018-06-17,83.48,94.10,,29
533,RPM00098646,2018-06-18,84.02,90.86,77.72,29
534,RPM00098646,2018-06-19,82.22,91.40,,28
535,RPM00098646,2018-06-20,82.04,,75.74,28
536,RPM00098646,2018-06-21,81.68,91.04,76.64,28
537,RPM00098646,2018-06-22,81.50,91.40,77.00,28
538,RPM00098646,2018-06-23,82.76,90.50,76.82,28
539,RPM00098646,2018-06-24,84.02,92.66,76.82,29
540,RPM00098646,2018-06-25,82.04,90.86,,28
541,RPM00098646,2018-06-26,82.58,,77.00,28
542,RPM00098646,2018-06-27,82.94,89.78,76.82,28
543,RPM00098646,2018-06-28,83.48,91.04,78.26,29
544,RPM00098646,2018-06-29,84.02,90.32,78.44,29
545,RPM00098646,2018-06-30,82.22,93.56,,28
546,RPM00098646,2018-07-01,82.58,89.60,73.58,28
547,RPM00098646,2018-07-02,82.94,90.68,,28
548,RPM00098646,2018-07-03,82.58,91.40,75.20,28
549,RPM00098646,2018-07-04,82.76,,77.54,28
550,RPM00098646,2018-07-05,81.32,90.68,,27
551,RPM00098646,2018-07-06,83.48,89.60,75.74,29
552,RPM00098646,2018-07-07,83.12,91.04,,28
553,RPM00098646,2018-07-08,81.86,91.04,,28
554,RPM00098646,2018-07-09,84.38,91.58,75.56,29
555,RPM00098646,2018-07-10,82.76,91.40,78.26,28
556,RPM00098646,2018-07-11,84.38,91.40,78.26,29
557,RPM00098646,2018-07-12,82.94,,78.26,28
558,RPM00098646,2018-07-13,80.60,88.16,,27
559,RPM00098646,2018-07-14,83.12,90.32,74.30,28
560,RPM00098646,2018-07-15,81.14,90.32,,27
561,RPM00098646,2018-07-16,83.12,88.52,77.18,28
562,RPM00098646,2018-07-17,83.66,89.60,78.98,29
563,RPM00098646,2018-07-18,85.28,92.48,,30
564,RPM00098646,2018-07-19,82.58,92.12,,28
565,RPM00098646,2018-07-20,84.02,92.30,77.54,29
566,RPM00098646,2018-07-21,85.64,91.58,,30
567,RPM00098646,2018-07-22,82.76,89.96,77.72,28
568,RPM00098646,2018-07-23,82.76,,,28
569,RPM00098646,2018-07-24,83.66,91.40,78.80,29
570,RPM00098646,2018-07-25,83.30,89.60,78.08,28
571,RPM00098646,2018-07-26,82.58,89.96,,28
572,RPM00098646,2018-07-27,82.40,90.32,,28
573,RPM00098646,2018-07-28,84.38,91.94,77.00,29
574,RPM00098646,2018-07-29,84.92,92.84,,29
575,RPM00098646,2018-07-30,83.84,91.40,78.80,29
576,RPM00098646,2018-07-31,82.40,90.14,,28
577,RPM00098646,2018-08-01,82.58,89.96,75.56,28
578,RPM00098646,2018-08-02,82.04,89.78,78.08,28
579,RPM00098646,2018-08-03,82.40,88.88,77.54,28
580,RPM00098646,2018-08-04,80.78,87.62,,27
581,RPM00098646,2018-08-05,82.40,89.42,77.18,28
582,RPM00098646,2018-08-06,84.20,90.14,77.90,29
583,RPM00098646,2018-08-07,83.48,89.96,,29
584,RPM00098646,2018-08-08,82.40,90.68,,28
585,RPM00098646,2018-08-09,84.56,92.48,76.28,29
586,RPM00098646,2018-08-10,81.68,90.86,,28
587,RPM00098646,2018-08-11,84.56,,75.02,29
588,RPM00098646,2018-08-12,84.92,90.86,78.98,29
589,RPM00098646,2018-08-13,85.28,90.86,79.70,30
590,RPM00098646,2018-08-14,84.74,92.12,,29
591,RPM00098646,2018-08-15,85.82,92.48,78.98,30
592,RPM00098646,2018-08-16,85.10,92.12,,29
593,RPM00098646,2018-08-17,83.48,91.94,,29
594,RPM00098646,2018-08-18,82.22,91.04,78.44,28
595,RPM00098646,2018-08-19,84.38,93.56,,29
596,RPM00098646,2018-08-20,85.46,93.20,77.36,30
597,RPM00098646,2018-08-21,85.64,93.56,79.88,30
598,RPM00098646,2018-08-22,84.74,94.28,,29
599,RPM00098646,2018-08-23,85.82,95.36,79.52,30
600,RPM00098646,2018-08-24,85.28,94.28,,30
601,RPM00098646,2018-08-25,84.38,93.20,79.34,29
602,RPM00098646,2018-08-26,83.12,90.68,,28
603,RPM00098646,2018-08-27,83.66,91.40,,29
604,RPM00098646,2018-08-28,83.30,92.12,,28
605,RPM00098646,2018-08-29,83.48,90.86,,29
606,RPM00098646,2018-08-30,81.14,91.76,,27
607,RPM00098646,2018-08-31,77.72,81.50,,25
608,RPM00098646,2018-09-01,80.78,,75.20,27
609,RPM00098646,2018-09-02,83.66,88.70,76.82,29
610,RPM00098646,2018-09-03,82.76,89.78,,28
611,RPM00098646,2018-09-04,81.68,90.68,,28
612,RPM00098646,2018-09-05,81.32,86.90,76.46,27
613,RPM00098646,2018-09-06,81.32,87.44,,27
614,RPM00098646,2018-09-07,84.02,92.30,77.54,29
615,RPM00098646,2018-09-08,83.48,92.66,,29
616,RPM00098646,2018-09-09,81.14,90.68,,27
617,RPM00098646,2018-09-10,83.66,91.94,72.86,29
618,RPM00098646,2018-09-11,81.86,89.60,77.72,28
619,RPM00098646,2018-09-12,82.76,90.32,78.80,28
620,RPM00098646,2018-09-13,83.12,90.32,,28
621,RPM00098646,2018-09-14,80.96,85.28,77.00,27
622,RPM00098646,2018-09-15,82.94,88.52,77.36,28
623,RPM00098646,2018-09-16,82.94,90.50,,28
624,RPM00098646,2018-09-17,80.42,,,27
625,RPM00098646,2018-09-18,82.22,89.60,,28
626,RPM00098646,2018-09-19,81.86,87.80,,28
627,RPM00098646,2018-09-20,80.06,83.84,76.10,27
628,RPM00098646,2018-09-21,80.42,,,27
629,RPM00098646,2018-09-22,79.88,87.80,74.48,27
630,RPM00098646,2018-09-23,81.32,88.34,75.56,27
631,RPM00098646,2018-09-24,83.48,89.60,75.92,29
632,RPM00098646,2018-09-25,84.02,91.76,78.44,29
633,RPM00098646,2018-09-26,83.30,90.68,,28
634,RPM00098646,2018-09-27,82.58,90.32,76.82,28
635,RPM00098646,2018-09-28,82.76,89.60,,28
636,RPM00098646,2018-09-29,84.20,90.32,78.08,29
637,RPM00098646,2018-09-30,84.74,92.30,79.16,29
638,RPM00098646,2018-10-01,80.24,90.50,,27
639,RPM00098646,2018-10-02,82.22,90.32,75.56,28
640,RPM00098646,2018-10-03,80.78,88.34,,27
641,RPM00098646,2018-10-04,81.86,90.32,75.92,28
642,RPM00098646,2018-10-05,82.58,91.76,,28
643,RPM00098646,2018-10-06,83.12,,74.66,28
644,RPM00098646,2018-10-07,83.84,91.94,,29
645,RPM00098646,2018-10-08,83.66,89.78,77.72,29
646,RPM00098646,2018-10-09,83.66,90.68,,29
647,RPM00098646,2018-10-10,83.84,89.60,76.64,29
648,RPM00098646,2018-10-11,85.28,89.96,79.16,30
649,RPM00098646,2018-10-12,84.92,90.68,,29
650,RPM00098646,2018-10-13,83.48,,,29
651,RPM00098646,2018-10-14,83.66,91.40,,29
652,RPM00098646,2018-10-15,82.58,87.80,74.66,28
653,RPM00098646,2018-10-16,81.68,,,28
654,RPM00098646,2018-10-17,82.58,88.16,77.00,28
655,RPM00098646,2018-10-18,83.12,89.60,78.08,28
656,RPM00098646,2018-10-19,82.22,89.60,,28
657,RPM00098646,2018-10-20,81.68,89.60,75.56,28
658,RPM00098646,2018-10-21,82.76,88.70,77.00,28
659,RPM00098646,2018-10-22,82.76,88.88,76.28,28
660,RPM00098646,2018-10-23,82.22,89.42,,28
661,RPM00098646,2018-10-24,82.76,89.60,75.38,28
662,RPM00098646,2018-10-25,83.12,89.60,76.10,28
663,RPM00098646,2018-10-26,83.48,89.60,78.44,29
664,RPM00098646,2018-10-27,83.12,90.14,,28
665,RPM00098646,2018-10-28,81.14,89.60,76.64,27
666,RPM00098646,2018-10-29,81.68,89.42,75.74,28
667,RPM00098646,2018-10-30,82.58,89.60,,28
668,RPM00098646,2018-10-31,83.30,90.32,76.82,28
669,RPM00098646,2018-11-01,84.74,90.14,77.90,29
670,RPM00098646,2018-11-02,84.38,89.60,,29
671,RPM00098646,2018-11-03,82.40,88.70,,28
672,RPM00098646,2018-11-04,82.58,88.16,76.28,28
673,RPM00098646,2018-11-05,80.96,84.20,,27
674,RPM00098646,2018-11-06,81.86,85.46,,28
675,RPM00098646,2018-11-07,83.12,,,28
676,RPM00098646,2018-11-08,83.12,88.88,76.46,28
677,RPM00098646,2018-11-09,82.76,89.96,77.18,28
678,RPM00098646,2018-11-10,80.96,84.74,,27
679,RPM00098646,2018-11-11,82.40,88.70,77.00,28
680,RPM00098646,2018-11-12,81.32,87.80,77.72,27
681,RPM00098646,2018-11-13,81.86,88.16,,28
682,RPM00098646,2018-11-14,82.22,89.96,77.36,28
683,RPM00098646,2018-11-15,80.78,87.26,,27
684,RPM00098646,2018-11-16,82.40,,75.74,28
685,RPM00098646,2018-11-17,81.14,87.80,,27
686,RPM00098646,2018-11-18,81.68,86.90,75.38,28
687,RPM00098646,2018-11-19,79.34,86.18,,26
688,RPM00098646,2018-11-20,77.72,,72.86,25
689,RPM00098646,2018-11-21,80.24,85.28,75.02,27
690,RPM00098646,2018-11-22,81.32,,,27
691,RPM00098646,2018-11-23,81.32,,76.10,27
692,RPM00098646,2018-11-24,82.04,87.80,76.10,28
693,RPM00098646,2018-11-25,80.96,87.44,77.72,27
694,RPM00098646,2018-11-26,82.22,87.98,,28
695,RPM00098646,2018-11-27,82.22,89.78,75.38,28
696,RPM00098646,2018-11-28,82.94,88.16,76.82,28
697,RPM00098646,2018-11-29,82.58,87.26,77.54,28
698,RPM00098646,2018-11-30,80.42,86.00,,27
699,RPM00098646,2018-12-01,81.32,87.98,76.64,27
700,RPM00098646,2018-12-02,81.32,85.64,,27
701,RPM00098646,2018-12-03,81.68,,76.46,28
702,RPM00098646,2018-12-04,82.94,88.16,,28
703,RPM00098646,2018-12-05,83.12,87.98,77.72,28
704,RPM00098646,2018-12-06,82.40,87.80,77.72,28
705,RPM00098646,2018-12-07,80.78,87.80,,27
706,RPM00098646,2018-12-08,82.40,,,28
707,RPM00098646,2018-12-09,82.04,87.80,,28
708,RPM00098646,2018-12-10,82.40,,75.20,28
709,RPM00098646,2018-12-11,81.68,89.24,,28
710,RPM00098646,2018-12-12,81.32,88.16,77.00,27
711,RPM00098646,2018-12-13,80.42,87.44,77.72,27
712,RPM00098646,2018-12-14,82.22,89.06,77.72,28
713,RPM00098646,2018-12-15,80.96,87.08,,27
714,RPM00098646,2018-12-16,80.78,88.16,,27
715,RPM00098646,2018-12-17,81.86,88.52,73.40,28
716,RPM00098646,2018-12-18,81.14,85.64,77.00,27
717,RPM00098646,2018-12-19,81.14,88.34,,27
718,RPM00098646,2018-12-20,76.64,78.80,,25
719,RPM00098646,2018-12-21,80.24,84.56,,27
720,RPM00098646,2018-12-22,79.88,84.56,75.20,27
721,RPM00098646,2018-12-23,79.70,,,26
722,RPM00098646,2018-12-24,80.42,86.36,74.84,27
723,RPM00098646,2018-12-25,81.68,87.26,75.20,28
724,RPM00098646,2018-12-26,81.32,87.26,,27
725,RPM00098646,2018-12-27,81.32,86.72,,27
726,RPM00098646,2018-12-28,78.08,,,26
727,RPM00098646,2018-12-29,80.60,87.62,75.92,27
728,RPM00098646,2018-12-30,80.78,86.18,,27
729,RPM00098646,2018-12-31,82.04,86.72,75.56,28
730,RPM00098646,2019-01-01,82.22,,,28
731,RPM00098646,2019-01-02,81.68,,,28
732,RPM00098646,2019-01-03,80.42,87.08,76.10,27
733,RPM00098646,2019-01-04,77.00,80.60,,25
734,RPM00098646,2019-01-05,80.24,86.00,,27
735,RPM00098646,2019-01-06,79.70,85.64,,26
736,RPM00098646,2019-01-07,79.16,85.10,73.58,26
737,RPM00098646,2019-01-08,80.78,86.36,73.76,27
738,RPM00098646,2019-01-09,80.06,86.18,74.48,27
739,RPM00098646,2019-01-10,75.92,83.48,,24
740,RPM00098646,2019-01-11,79.70,86.00,72.32,26
741,RPM00098646,2019-01-12,80.96,87.08,73.94,27
742,RPM00098646,2019-01-13,80.96,86.18,,27
743,RPM00098646,2019-01-14,80.78,85.82,,27
744,RPM00098646,2019-01-15,80.24,86.90,,27
745,RPM00098646,2019-01-16,81.14,86.00,73.58,27
746,RPM00098646,2019-01-17,80.42,86.54,,27
747,RPM00098646,2019-01-18,79.16,85.10,76.64,26
748,RPM00098646,2019-01-19,80.24,85.64,77.00,27
749,RPM00098646,2019-01-20,79.70,83.84,76.46,26
750,RPM00098646,2019-01-21,80.06,86.72,,27
751,RPM00098646,2019-01-22,79.88,86.18,75.38,27
752,RPM00098646,2019-01-23,79.88,84.20,76.64,27
753,RPM00098646,2019-01-24,80.42,,,27
754,RPM00098646,2019-01-25,80.06,85.46,77.00,27
755,RPM00098646,2019-01-26,79.88,86.00,,27
756,RPM00098646,2019-01-27,79.34,84.20,,26
757,RPM00098646,2019-01-28,79.16,84.20,,26
758,RPM00098646,2019-01-29,78.44,,,26
759,RPM00098646,2019-01-30,80.24,85.28,73.22,27
760,RPM00098646,2019-01-31,79.88,84.56,,27
761,RPM00098646,2019-02-01,79.34,86.90,,26
762,RPM00098646,2019-02-02,77.72,84.56,,25
763,RPM00098646,2019-02-03,80.42,86.00,71.42,27
764,RPM00098646,2019-02-04,81.14,86.36,74.66,27
765,RPM00098646,2019-02-05,81.32,87.08,,27
766,RPM00098646,2019-02-06,78.98,85.64,,26
767,RPM00098646,2019-02-07,79.34,86.00,72.68,26
768,RPM00098646,2019-02-08,80.78,86.36,74.48,27
769,RPM00098646,2019-02-09,78.62,87.44,,26
770,RPM00098646,2019-02-10,79.70,,,26
771,RPM00098646,2019-02-11,80.42,87.08,73.40,27
772,RPM00098646,2019-02-12,79.52,84.92,,26
773,RPM00098646,2019-02-13,80.78,87.08,73.04,27
774,RPM00098646,2019-02-14,76.28,82.04,73.76,25
775,RPM00098646,2019-02-15,75.74,80.24,,24
776,RPM00098646,2019-02-16,79.52,84.74,73.22,26
777,RPM00098646,2019-02-17,80.42,,73.04,27
778,RPM00098646,2019-02-18,80.06,86.54,74.84,27
779,RPM00098646,2019-02-19,80.42,85.46,75.38,27
780,RPM00098646,2019-02-20,79.88,86.18,,27
781,RPM00098646,2019-02-21,78.98,86.90,72.86,26
782,RPM00098646,2019-02-22,79.34,86.18,72.14,26
783,RPM00098646,2019-02-23,80.24,86.54,73.22,27
784,RPM00098646,2019-02-24,80.06,,75.02,27
785,RPM00098646,2019-02-25,79.52,86.36,,26
786,RPM00098646,2019-02-26,78.62,84.74,,26
787,RPM00098646,2019-02-27,79.34,86.00,70.88,26
788,RPM00098646,2019-02-28,80.96,87.08,71.06,27
789,RPM00098646,2019-03-01,80.78,86.90,,27
790,RPM00098646,2019-03-02,81.14,87.26,74.66,27
791,RPM00098646,2019-03-03,82.04,89.06,75.02,28
792,RPM00098646,2019-03-04,82.04,88.34,,28
793,RPM00098646,2019-03-05,81.50,87.26,75.38,28
794,RPM00098646,2019-03-06,81.14,87.62,,27
795,RPM00098646,2019-03-07,81.14,87.62,,27
796,RPM00098646,2019-03-08,80.60,87.26,,27
797,RPM00098646,2019-03-09,80.78,88.88,73.40,27
798,RPM00098646,2019-03-10,80.78,89.60,73.40,27
799,RPM00098646,2019-03-11,81.50,88.88,72.68,28
800,RPM00098646,2019-03-12,80.96,88.16,,27
801,RPM00098646,2019-03-13,81.86,,72.68,28
802,RPM00098646,2019-03-14,81.32,89.42,72.86,27
803,RPM00098646,2019-03-15,80.96,89.06,72.32,27
804,RPM00098646,2019-03-16,81.50,89.96,,28
805,RPM00098646,2019-03-17,79.70,,,26
806,RPM00098646,2019-03-18,81.86,88.16,76.10,28
807,RPM00098646,2019-03-19,79.88,,,27
808,RPM00098646,2019-03-20,82.58,89.06,75.20,28
809,RPM00098646,2019-03-21,82.04,89.60,,28
810,RPM00098646,2019-03-22,81.32,,74.48,27
811,RPM00098646,2019-03-23,82.94,,73.94,28
812,RPM00098646,2019-03-24,82.58,,,28
813,RPM00098646,2019-03-25,81.32,88.34,,27
814,RPM00098646,2019-03-26,81.32,89.06,74.66,27
815,RPM00098646,2019-03-27,77.90,84.20,,26
816,RPM00098646,2019-03-28,82.94,89.60,74.12,28
817,RPM00098646,2019-03-29,80.78,89.96,,27
818,RPM00098646,2019-03-30,81.68,,73.22,28
819,RPM00098646,2019-03-31,81.86,89.06,73.22,28
820,RPM00098646,2019-04-01,81.32,87.44,74.84,27
821,RPM00098646,2019-04-02,82.04,87.98,,28
822,RPM00098646,2019-04-03,81.86,89.06,,28
823,RPM00098646,2019-04-04,82.22,89.42,74.48,28
824,RPM00098646,2019-04-05,83.48,89.06,75.92,29
825,RPM00098646,2019-04-06,81.68,88.34,78.26,28
826,RPM00098646,2019-04-07,84.74,91.58,77.72,29
827,RPM00098646,2019-04-08,81.50,88.70,78.08,28
828,RPM00098646,2019-04-09,80.24,87.26,,27
829,RPM00098646,2019-04-10,82.22,88.34,77.90,28
830,RPM00098646,2019-04-11,83.84,,79.16,29
831,RPM00098646,2019-04-12,84.92,92.84,,29
832,RPM00098646,2019-04-13,83.84,,,29
833,RPM00098646,2019-04-14,83.12,90.50,76.46,28
834,RPM00098646,2019-04-15,83.48,92.12,,29
835,RPM00098646,2019-04-16,84.20,92.30,75.92,29
836,RPM00098646,2019-04-17,83.48,91.94,76.28,29
837,RPM00098646,2019-04-18,84.74,93.92,77.54,29
838,RPM00098646,2019-04-19,84.38,91.40,78.26,29
839,RPM00098646,2019-04-20,84.56,94.28,,29
840,RPM00098646,2019-04-21,84.38,,76.64,29
841,RPM00098646,2019-04-22,84.20,90.68,75.92,29
842,RPM00098646,2019-04-23,84.38,90.14,78.44,29
843,RPM00098646,2019-04-24,84.38,91.94,,29
844,RPM00098646,2019-04-25,83.84,90.50,76.46,29
845,RPM00098646,2019-04-26,84.74,92.48,77.90,29
846,RPM00098646,2019-04-27,84.38,91.22,77.72,29
847,RPM00098646,2019-04-28,83.66,92.30,,29
848,RPM00098646,2019-04-29,84.74,92.48,77.54,29
849,RPM00098646,2019-04-30,85.64,92.30,78.08,30
850,RPM00098646,2019-05-01,84.74,91.04,,29
851,RPM00098646,2019-05-02,85.28,93.38,80.78,30
852,RPM00098646,2019-05-03,85.28,93.74,,30
853,RPM00098646,2019-05-04,85.28,95.18,,30
854,RPM00098646,2019-05-05,84.74,91.76,,29
855,RPM00098646,2019-05-06,86.54,95.36,78.80,30
856,RPM00098646,2019-05-07,86.36,94.46,,30
857,RPM00098646,2019-05-08,86.54,96.80,79.16,30
858,RPM00098646,2019-05-09,83.84,91.76,,29
859,RPM00098646,2019-05-10,85.82,95.18,79.70,30
860,RPM00098646,2019-05-11,85.46,91.40,80.24,30
861,RPM00098646,2019-05-12,87.08,95.54,80.42,31
862,RPM00098646,2019-05-13,87.98,95.54,80.60,31
863,RPM00098646,2019-05-14,87.08,95.18,80.42,31
864,RPM00098646,2019-05-15,86.54,94.82,,30
865,RPM00098646,2019-05-16,87.08,95.36,,31
866,RPM00098646,2019-05-17,84.20,93.20,77.36,29
867,RPM00098646,2019-05-18,86.18,95.00,79.34,30
868,RPM00098646,2019-05-19,86.36,94.64,80.06,30
869,RPM00098646,2019-05-20,86.54,96.26,,30
870,RPM00098646,2019-05-21,85.28,93.38,,30
871,RPM00098646,2019-05-22,85.64,95.90,,30
872,RPM00098646,2019-05-23,83.84,92.48,,29
873,RPM00098646,2019-05-24,84.92,93.56,79.16,29
874,RPM00098646,2019-05-25,85.28,92.30,80.06,30
875,RPM00098646,2019-05-26,86.18,93.02,80.24,30
876,RPM00098646,2019-05-27,86.54,,80.24,30
877,RPM00098646,2019-05-28,86.36,94.46,,30
878,RPM00098646,2019-05-29,87.26,93.92,79.70,31
879,RPM00098646,2019-05-30,87.08,92.48,81.14,31
880,RPM00098646,2019-05-31,87.26,,82.22,31
881,RPM00098646,2019-06-01,86.54,,81.86,30
882,RPM00098646,2019-06-02,86.36,,82.04,30
883,RPM00098646,2019-06-03,87.26,95.00,81.68,31
884,RPM00098646,2019-06-04,85.64,94.64,,30
885,RPM00098646,2019-06-05,83.12,92.84,,28
886,RPM00098646,2019-06-06,83.66,91.58,76.46,29
887,RPM00098646,2019-06-07,86.18,93.56,80.60,30
888,RPM00098646,2019-06-08,85.64,93.38,79.52,30
889,RPM00098646,2019-06-09,84.56,92.12,,29
890,RPM00098646,2019-06-10,85.82,93.92,,30
891,RPM00098646,2019-06-11,86.54,94.64,78.26,30
892,RPM00098646,2019-06-12,87.08,94.64,81.32,31
893,RPM00098646,2019-06-13,87.08,,,31
894,RPM00098646,2019-06-14,85.10,95.00,,29
895,RPM00098646,2019-06-15,86.00,94.64,79.88,30
896,RPM00098646,2019-06-16,86.36,93.74,,30
897,RPM00098646,2019-06-17,86.36,93.38,79.52,30
898,RPM00098646,2019-06-18,87.26,94.10,80.60,31
899,RPM00098646,2019-06-19,87.08,94.46,81.32,31
900,RPM00098646,2019-06-20,86.36,95.00,,30
901,RPM00098646,2019-06-21,86.54,93.74,80.42,30
902,RPM00098646,2019-06-22,86.18,95.00,79.88,30
903,RPM00098646,2019-06-23,82.04,93.02,,28
904,RPM00098646,2019-06-24,82.40,90.86,74.48,28
905,RPM00098646,2019-06-25,85.82,93.56,75.02,30
906,RPM00098646,2019-06-26,84.02,92.84,,29
907,RPM00098646,2019-06-27,84.92,91.76,,29
908,RPM00098646,2019-06-28,84.56,90.68,,29
909,RPM00098646,2019-06-29,84.38,93.20,,29
910,RPM00098646,2019-06-30,82.94,89.78,78.98,28
911,RPM00098646,2019-07-01,83.30,90.14,,28
912,RPM00098646,2019-07-02,83.48,90.86,77.36,29
913,RPM00098646,2019-07-03,82.76,92.48,,28
914,RPM00098646,2019-07-04,81.32,89.78,74.48,27
915,RPM00098646,2019-07-05,82.94,89.42,,28
916,RPM00098646,2019-07-06,84.02,89.96,78.26,29
917,RPM00098646,2019-07-07,84.38,91.76,,29
918,RPM00098646,2019-07-08,83.66,89.78,76.28,29
919,RPM00098646,2019-07-09,82.58,89.96,74.84,28
920,RPM00098646,2019-07-10,83.30,90.32,,28
921,RPM00098646,2019-07-11,84.56,90.50,78.26,29
922,RPM00098646,2019-07-12,83.48,91.22,79.16,29
923,RPM00098646,2019-07-13,80.06,88.88,,27
924,RPM00098646,2019-07-14,80.96,,,27
925,RPM00098646,2019-07-15,80.78,86.00,,27
926,RPM00098646,2019-07-16,80.78,83.48,76.64,27
927,RPM00098646,2019-07-17,84.02,88.34,77.00,29
928,RPM00098646,2019-07-18,84.20,,,29
929,RPM00098646,2019-07-19,85.10,93.56,78.44,29
930,RPM00098646,2019-07-20,85.46,91.76,79.16,30
931,RPM00098646,2019-07-21,82.94,90.86,,28
932,RPM00098646,2019-07-22,80.78,90.14,76.64,27
933,RPM00098646,2019-07-23,81.68,89.60,,28
934,RPM00098646,2019-07-24,82.76,88.52,77.54,28
935,RPM00098646,2019-07-25,83.84,89.78,78.26,29
936,RPM00098646,2019-07-26,84.02,90.50,77.72,29
937,RPM00098646,2019-07-27,81.32,89.60,,27
938,RPM00098646,2019-07-28,78.98,84.20,,26
939,RPM00098646,2019-07-29,82.40,88.34,75.20,28
940,RPM00098646,2019-07-30,83.66,89.96,78.26,29
941,RPM00098646,2019-07-31,82.76,88.88,,28
942,RPM00098646,2019-08-01,84.20,89.24,79.88,29
943,RPM00098646,2019-08-02,81.50,89.60,,28
944,RPM00098646,2019-08-03,80.60,88.52,73.76,27
945,RPM00098646,2019-08-04,83.12,90.14,75.56,28
946,RPM00098646,2019-08-05,83.84,88.52,79.16,29
947,RPM00098646,2019-08-06,82.40,88.16,,28
948,RPM00098646,2019-08-07,84.92,88.52,,29
949,RPM00098646,2019-08-08,84.92,89.78,,29
950,RPM00098646,2019-08-09,85.10,91.40,,29
951,RPM00098646,2019-08-10,85.10,92.30,,29
952,RPM00098646,2019-08-11,85.64,92.12,79.16,30
953,RPM00098646,2019-08-12,85.46,92.12,79.52,30
954,RPM00098646,2019-08-13,84.92,92.12,79.52,29
955,RPM00098646,2019-08-14,85.28,92.48,79.52,30
956,RPM00098646,2019-08-15,85.64,92.12,79.16,30
957,RPM00098646,2019-08-16,85.10,91.40,79.70,29
958,RPM00098646,2019-08-17,84.02,92.48,,29
959,RPM00098646,2019-08-18,83.48,92.12,77.36,29
960,RPM00098646,2019-08-19,84.56,92.12,77.72,29
961,RPM00098646,2019-08-20,82.04,91.58,,28
962,RPM00098646,2019-08-21,81.68,86.18,72.68,28
963,RPM00098646,2019-08-22,81.68,88.70,78.80,28
964,RPM00098646,2019-08-23,83.12,88.88,78.62,28
965,RPM00098646,2019-08-24,84.38,91.40,,29
966,RPM00098646,2019-08-25,84.20,91.04,77.36,29
967,RPM00098646,2019-08-26,82.04,90.68,,28
968,RPM00098646,2019-08-27,81.68,85.64,78.44,28
969,RPM00098646,2019-08-28,84.20,90.32,,29
970,RPM00098646,2019-08-29,83.48,89.60,,29
971,RPM00098646,2019-08-30,84.38,91.76,78.80,29
972,RPM00098646,2019-08-31,81.68,88.16,,28
973,RPM00098646,2019-09-01,79.70,87.26,,26
974,RPM00098646,2019-09-02,82.94,,75.56,28
975,RPM00098646,2019-09-03,82.58,89.42,,28
976,RPM00098646,2019-09-04,83.66,90.32,76.64,29
977,RPM00098646,2019-09-05,84.20,91.04,79.70,29
978,RPM00098646,2019-09-06,84.74,91.40,79.88,29
979,RPM00098646,2019-09-07,84.92,92.12,79.70,29
980,RPM00098646,2019-09-08,84.56,92.84,,29
981,RPM00098646,2019-09-09,84.38,92.30,78.80,29
982,RPM00098646,2019-09-10,84.74,90.50,79.34,29
983,RPM00098646,2019-09-11,83.12,91.94,,28
984,RPM00098646,2019-09-12,81.86,88.70,77.54,28
985,RPM00098646,2019-09-13,80.24,88.70,,27
986,RPM00098646,2019-09-14,83.12,89.24,75.74,28
987,RPM00098646,2019-09-15,83.12,88.34,,28
988,RPM00098646,2019-09-16,84.92,90.86,78.26,29
989,RPM00098646,2019-09-17,84.92,92.12,,29
990,RPM00098646,2019-09-18,83.84,92.48,,29
991,RPM00098646,2019-09-19,84.02,91.76,,29
992,RPM00098646,2019-09-20,83.30,91.76,78.44,28
993,RPM00098646,2019-09-21,83.48,93.56,,29
994,RPM00098646,2019-09-22,84.74,94.28,77.36,29
995,RPM00098646,2019-09-23,83.84,,77.54,29
996,RPM00098646,2019-09-24,85.28,92.12,77.72,30
997,RPM00098646,2019-09-25,85.10,92.66,80.06,29
998,RPM00098646,2019-09-26,85.82,93.92,79.88,30
999,RPM00098646,2019-09-27,85.28,93.74,,30
1000,RPM00098646,2019-09-28,85.10,92.66,78.44,29
1001,RPM00098646,2019-09-29,86.00,93.74,,30
1002,RPM00098646,2019-09-30,83.84,91.76,77.54,29
1003,RPM00098646,2019-10-01,84.38,,,29
1004,RPM00098646,2019-10-02,84.38,91.04,76.10,29
1005,RPM00098646,2019-10-03,82.04,91.04,,28
1006,RPM00098646,2019-10-04,82.22,90.68,,28
1007,RPM00098646,2019-10-05,81.86,90.32,75.02,28
1008,RPM00098646,2019-10-06,84.56,91.22,77.18,29
1009,RPM00098646,2019-10-07,84.92,91.94,79.34,29
1010,RPM00098646,2019-10-08,83.66,89.60,,29
1011,RPM00098646,2019-10-09,82.94,90.68,,28
1012,RPM00098646,2019-10-10,80.06,84.56,,27
1013,RPM00098646,2019-10-11,80.96,89.96,,27
1014,RPM00098646,2019-10-12,81.68,89.78,75.20,28
1015,RPM00098646,2019-10-13,82.22,87.80,75.74,28
1016,RPM00098646,2019-10-14,81.68,87.98,77.00,28
1017,RPM00098646,2019-10-15,83.12,88.34,77.54,28
1018,RPM00098646,2019-10-16,83.12,89.42,,28
1019,RPM00098646,2019-10-17,81.32,87.80,,27
1020,RPM00098646,2019-10-18,83.84,90.50,76.64,29
1021,RPM00098646,2019-10-19,84.02,,78.26,29
1022,RPM00098646,2019-10-20,84.38,,78.62,29
1023,RPM00098646,2019-10-21,84.38,90.86,,29
1024,RPM00098646,2019-10-22,84.38,91.04,76.64,29
1025,RPM00098646,2019-10-23,83.48,90.86,,29
1026,RPM00098646,2019-10-24,84.56,90.50,75.20,29
1027,RPM00098646,2019-10-25,84.74,,79.16,29
1028,RPM00098646,2019-10-26,82.94,89.96,,28
1029,RPM00098646,2019-10-27,80.78,88.34,,27
1030,RPM00098646,2019-10-28,82.76,89.24,76.10,28
1031,RPM00098646,2019-10-29,84.02,91.04,,29
1032,RPM00098646,2019-10-30,80.96,90.14,,27
1033,RPM00098646,2019-10-31,81.32,87.80,74.66,27
1034,RPM00098646,2019-11-01,82.22,87.08,76.82,28
1035,RPM00098646,2019-11-02,81.68,87.08,,28
1036,RPM00098646,2019-11-03,83.84,89.60,77.00,29
1037,RPM00098646,2019-11-04,84.38,91.04,77.36,29
1038,RPM00098646,2019-11-05,81.32,89.60,,27
1039,RPM00098646,2019-11-06,82.94,,76.64,28
1040,RPM00098646,2019-11-07,83.66,88.34,78.08,29
1041,RPM00098646,2019-11-08,81.14,90.50,,27
1042,RPM00098646,2019-11-09,84.02,90.32,75.56,29
1043,RPM00098646,2019-11-10,83.12,,,28
1044,RPM00098646,2019-11-11,80.42,90.68,,27
1045,RPM00098646,2019-11-12,82.04,87.44,76.46,28
1046,RPM00098646,2019-11-13,82.40,87.80,,28
1047,RPM00098646,2019-11-14,83.66,,76.46,29
1048,RPM00098646,2019-11-15,84.38,92.84,76.64,29
1049,RPM00098646,2019-11-16,83.48,88.70,78.26,29
1050,RPM00098646,2019-11-17,82.76,88.16,,28
1051,RPM00098646,2019-11-18,83.84,91.40,77.72,29
1052,RPM00098646,2019-11-19,82.22,91.22,,28
1053,RPM00098646,2019-11-20,84.38,92.12,78.08,29
1054,RPM00098646,2019-11-21,82.76,90.32,,28
1055,RPM00098646,2019-11-22,83.12,88.88,77.54,28
1056,RPM00098646,2019-11-23,83.84,89.96,78.08,29
1057,RPM00098646,2019-11-24,83.84,89.78,77.90,29
1058,RPM00098646,2019-11-25,83.66,,,29
1059,RPM00098646,2019-11-26,79.34,,76.64,26
1060,RPM00098646,2019-11-27,82.58,88.16,76.64,28
1061,RPM00098646,2019-11-28,84.02,90.68,76.28,29
1062,RPM00098646,2019-11-29,81.32,89.06,78.44,27
1063,RPM00098646,2019-11-30,81.50,89.24,,28
1064,RPM00098646,2019-12-01,82.04,89.96,76.10,28
1065,RPM00098646,2019-12-02,79.88,82.40,76.82,27
1066,RPM00098646,2019-12-03,79.88,86.18,,27
1067,RPM00098646,2019-12-04,82.76,91.94,75.92,28
1068,RPM00098646,2019-12-05,82.22,,,28
1069,RPM00098646,2019-12-06,82.58,,76.82,28
1070,RPM00098646,2019-12-07,82.22,87.80,76.46,28
1071,RPM00098646,2019-12-08,81.86,88.52,77.00,28
1072,RPM00098646,2019-12-09,82.76,89.06,77.72,28
1073,RPM00098646,2019-12-10,82.76,89.06,,28
1074,RPM00098646,2019-12-11,81.32,87.62,,27
1075,RPM00098646,2019-12-12,80.42,89.24,,27
1076,RPM00098646,2019-12-13,80.06,88.88,,27
1077,RPM00098646,2019-12-14,83.12,87.80,74.48,28
1078,RPM00098646,2019-12-15,83.66,88.88,,29
1079,RPM00098646,2019-12-16,82.22,88.34,77.18,28
1080,RPM00098646,2019-12-17,80.24,,,27
1081,RPM00098646,2019-12-18,80.60,85.46,74.84,27
1082,RPM00098646,2019-12-19,80.24,86.90,,27
1083,RPM00098646,2019-12-20,79.88,85.10,75.20,27
1084,RPM00098646,2019-12-21,79.16,85.10,,26
1085,RPM00098646,2019-12-22,81.50,,74.84,28
1086,RPM00098646,2019-12-23,81.68,87.44,,28
1087,RPM00098646,2019-12-24,78.62,,74.12,26
1088,RPM00098646,2019-12-25,82.22,89.24,76.10,28
1089,RPM00098646,2019-12-26,81.14,87.80,,27
1090,RPM00098646,2019-12-27,81.86,88.52,76.82,28
1091,RPM00098646,2019-12-28,81.86,86.36,75.92,28
1092,RPM00098646,2019-12-29,81.50,86.54,,28
1093,RPM00098646,2019-12-30,80.96,,,27
1094,RPM00098646,2019-12-31,80.78,87.26,75.20,27
1095,RPM00098646,2020-01-01,81.86,89.96,76.46,28
1096,RPM00098646,2020-01-02,81.14,86.72,,27
1097,RPM00098646,2020-01-03,80.42,87.08,,27
1098,RPM00098646,2020-01-04,80.78,86.36,73.94,27
1099,RPM00098646,2020-01-05,81.86,,75.92,28
1100,RPM00098646,2020-01-06,82.04,86.54,,28
1101,RPM00098646,2020-01-07,81.86,86.54,75.56,28
1102,RPM00098646,2020-01-08,80.96,87.80,,27
1103,RPM00098646,2020-01-09,80.60,86.18,74.84,27
1104,RPM00098646,2020-01-10,82.04,88.70,,28
1105,RPM00098646,2020-01-11,81.68,,,28
1106,RPM00098646,2020-01-12,77.90,82.40,,26
1107,RPM00098646,2020-01-13,81.32,86.36,74.48,27
1108,RPM00098646,2020-01-14,82.04,87.98,,28
1109,RPM00098646,2020-01-15,82.76,88.16,78.08,28
1110,RPM00098646,2020-01-16,82.76,,,28
1111,RPM00098646,2020-01-17,82.94,89.06,77.72,28
1112,RPM00098646,2020-01-18,82.76,,,28
1113,RPM00098646,2020-01-19,81.32,87.80,77.00,27
1114,RPM00098646,2020-01-20,79.16,82.76,,26
1115,RPM00098646,2020-01-21,80.78,86.00,74.48,27
1116,RPM00098646,2020-01-22,80.60,84.56,77.00,27
1117,RPM00098646,2020-01-23,82.04,87.26,76.82,28
1118,RPM00098646,2020-01-24,82.04,87.80,77.54,28
1119,RPM00098646,2020-01-25,81.14,87.44,,27
1120,RPM00098646,2020-01-26,82.22,89.24,76.82,28
1121,RPM00098646,2020-01-27,83.30,90.32,76.82,28
1122,RPM00098646,2020-01-28,82.76,90.50,,28
1123,RPM00098646,2020-01-29,83.12,89.96,,28
1124,RPM00098646,2020-01-30,81.68,87.98,,28
1125,RPM00098646,2020-01-31,81.14,88.52,75.74,27
1126,RPM00098646,2020-02-01,80.24,86.54,,27
1127,RPM00098646,2020-02-02,79.34,86.36,,26
1128,RPM00098646,2020-02-03,79.70,85.46,,26
1129,RPM00098646,2020-02-04,80.24,84.56,72.32,27
1130,RPM00098646,2020-02-05,80.78,88.88,75.56,27
1131,RPM00098646,2020-02-06,77.54,80.60,75.20,25
1132,RPM00098646,2020-02-07,79.16,85.28,,26
1133,RPM00098646,2020-02-08,80.42,86.72,,27
1134,RPM00098646,2020-02-09,80.60,,,27
1135,RPM00098646,2020-02-10,78.62,84.74,73.94,26
1136,RPM00098646,2020-02-11,79.52,85.64,,26
1137,RPM00098646,2020-02-12,78.80,,74.66,26
1138,RPM00098646,2020-02-13,80.06,,75.02,27
1139,RPM00098646,2020-02-14,82.22,86.90,75.38,28
1140,RPM00098646,2020-02-15,81.50,86.72,,28
1141,RPM00098646,2020-02-16,81.50,86.18,75.02,28
1142,RPM00098646,2020-02-17,79.70,86.18,,26
1143,RPM00098646,2020-02-18,80.06,86.90,76.28,27
1144,RPM00098646,2020-02-19,80.06,86.72,,27
1145,RPM00098646,2020-02-20,79.16,85.28,,26
1146,RPM00098646,2020-02-21,79.88,87.26,,27
1147,RPM00098646,2020-02-22,80.24,86.18,74.48,27
1148,RPM00098646,2020-02-23,80.78,87.08,74.48,27
1149,RPM00098646,2020-02-24,82.04,86.54,75.38,28
1150,RPM00098646,2020-02-25,81.86,88.16,76.46,28
1151,RPM00098646,2020-02-26,82.22,,,28
1152,RPM00098646,2020-02-27,80.24,87.08,,27
1153,RPM00098646,2020-02-28,80.06,85.64,76.28,27
1154,RPM00098646,2020-02-29,81.14,86.72,,27
1155,RPM00098646,2020-03-01,81.14,87.08,75.56,27
1156,RPM00098646,2020-03-02,81.32,87.44,,27
1157,RPM00098646,2020-03-03,81.32,86.18,75.20,27
1158,RPM00098646,2020-03-04,82.76,87.08,,28
1159,RPM00098646,2020-03-05,82.40,89.60,,28
1160,RPM00098646,2020-03-06,81.68,89.96,78.62,28
1161,RPM00098646,2020-03-07,82.58,87.98,78.26,28
1162,RPM00098646,2020-03-08,82.76,90.32,,28
1163,RPM00098646,2020-03-09,81.86,90.68,,28
1164,RPM00098646,2020-03-10,82.58,90.86,75.02,28
1165,RPM00098646,2020-03-11,83.12,,78.26,28
1166,RPM00098646,2020-03-12,82.58,91.04,,28
1167,RPM00098646,2020-03-13,81.68,,,28
1168,RPM00098646,2020-03-14,81.32,91.04,74.84,27
1169,RPM00098646,2020-03-15,82.94,90.50,75.38,28
1170,RPM00098646,2020-03-16,82.58,90.14,,28
1171,RPM00098646,2020-03-17,83.30,89.60,74.84,28
1172,RPM00098646,2020-03-18,82.76,88.88,,28
1173,RPM00098646,2020-03-19,83.48,88.70,,29
1174,RPM00098646,2020-03-20,83.84,90.86,,29
1175,RPM00098646,2020-03-21,84.56,90.50,76.82,29
1176,RPM00098646,2020-03-22,83.66,90.50,,29
1177,RPM00098646,2020-03-23,83.66,90.50,76.28,29
1178,RPM00098646,2020-03-24,83.66,90.32,76.46,29
1179,RPM00098646,2020-03-25,83.12,88.52,,28
1180,RPM00098646,2020-03-26,82.22,89.24,,28
1181,RPM00098646,2020-03-27,83.66,89.96,,29
1182,RPM00098646,2020-03-28,82.94,90.32,,28
1183,RPM00098646,2020-03-29,84.20,89.78,76.28,29
1184,RPM00098646,2020-03-30,83.30,90.50,,28
1185,RPM00098646,2020-03-31,83.48,90.68,75.20,29
1186,RPM00098646,2020-04-01,83.66,,75.74,29
1187,RPM00098646,2020-04-02,84.02,91.40,76.64,29
1188,RPM00098646,2020-04-03,83.12,91.40,77.72,28
1189,RPM00098646,2020-04-04,84.56,91.58,,29
1190,RPM00098646,2020-04-05,84.02,90.50,76.28,29
1191,RPM00098646,2020-04-06,84.20,,,29
1192,RPM00098646,2020-04-07,83.84,93.38,75.56,29
1193,RPM00098646,2020-04-08,84.38,93.02,,29
1194,RPM00098646,2020-04-09,85.28,92.84,77.36,30
1195,RPM00098646,2020-04-10,84.74,91.22,,29
1196,RPM00098646,2020-04-11,83.30,90.50,,28
1197,RPM00098646,2020-04-12,83.30,92.48,,28
1198,RPM00098646,2020-04-13,84.20,93.92,75.38,29
1199,RPM00098646,2020-04-14,84.38,93.20,77.00,29
1200,RPM00098646,2020-04-15,84.56,92.48,76.10,29
1201,RPM00098646,2020-04-16,85.82,93.74,78.44,30
1202,RPM00098646,2020-04-17,86.54,93.20,78.44,30
1203,RPM00098646,2020-04-18,85.28,91.94,,30
1204,RPM00098646,2020-04-19,85.46,92.84,79.52,30
1205,RPM00098646,2020-04-20,85.64,92.30,80.06,30
1206,RPM00098646,2020-04-21,85.28,91.76,,30
1207,RPM00098646,2020-04-22,85.82,92.84,79.52,30
1208,RPM00098646,2020-04-23,85.82,,78.80,30
1209,RPM00098646,2020-04-24,85.64,92.12,80.78,30
1210,RPM00098646,2020-04-25,85.10,91.40,,29
1211,RPM00098646,2020-04-26,86.00,92.30,80.06,30
1212,RPM00098646,2020-04-27,83.84,,,29
1213,RPM00098646,2020-04-28,83.66,90.32,,29
1214,RPM00098646,2020-04-29,85.28,,78.44,30
1215,RPM00098646,2020-04-30,84.56,92.48,,29
1216,RPM00098646,2020-05-01,84.38,92.12,,29
1217,RPM00098646,2020-05-02,84.38,90.86,76.82,29
1218,RPM00098646,2020-05-03,82.22,87.44,78.80,28
1219,RPM00098646,2020-05-04,84.92,91.94,79.34,29
1220,RPM00098646,2020-05-05,85.64,92.66,80.42,30
1221,RPM00098646,2020-05-06,87.26,95.90,81.32,31
1222,RPM00098646,2020-05-07,87.08,96.08,,31
1223,RPM00098646,2020-05-08,87.08,94.46,78.62,31
1224,RPM00098646,2020-05-09,86.36,94.64,,30
1225,RPM00098646,2020-05-10,87.44,96.08,79.88,31
1226,RPM00098646,2020-05-11,86.72,93.74,81.32,30
1227,RPM00098646,2020-05-12,83.48,93.38,,29
1228,RPM00098646,2020-05-13,85.46,93.38,79.34,30
1229,RPM00098646,2020-05-14,84.74,93.20,80.42,29
1230,RPM00098646,2020-05-15,86.36,92.84,81.14,30
1231,RPM00098646,2020-05-16,85.64,91.94,,30
1232,RPM00098646,2020-05-17,87.26,93.56,80.96,31
1233,RPM00098646,2020-05-18,87.08,,,31
1234,RPM00098646,2020-05-19,87.08,,,31
1235,RPM00098646,2020-05-20,87.44,94.28,,31
1236,RPM00098646,2020-05-21,86.36,94.82,,30
1237,RPM00098646,2020-05-22,85.82,94.82,,30
1238,RPM00098646,2020-05-23,86.36,,78.98,30
1239,RPM00098646,2020-05-24,87.44,,,31
1240,RPM00098646,2020-05-25,87.62,95.18,81.14,31
1241,RPM00098646,2020-05-26,86.18,94.46,,30
1242,RPM00098646,2020-05-27,87.62,94.82,79.52,31
1243,RPM00098646,2020-05-28,85.28,93.20,,30
1244,RPM00098646,2020-05-29,84.38,92.30,,29
1245,RPM00098646,2020-05-30,85.64,92.48,78.26,30
1246,RPM00098646,2020-05-31,84.74,90.32,,29
1247,RPM00098646,2020-06-01,86.18,93.38,78.62,30
1248,RPM00098646,2020-06-02,86.18,92.84,78.44,30
1249,RPM00098646,2020-06-03,86.00,93.38,79.16,30
1250,RPM00098646,2020-06-04,86.72,94.64,,30
1251,RPM00098646,2020-06-05,85.64,92.30,77.36,30
1252,RPM00098646,2020-06-06,86.36,93.56,,30
1253,RPM00098646,2020-06-07,84.20,90.86,78.80,29
1254,RPM00098646,2020-06-08,84.56,90.68,78.08,29
1255,RPM00098646,2020-06-09,84.74,,79.16,29
1256,RPM00098646,2020-06-10,79.52,83.48,,26
1257,RPM00098646,2020-06-11,82.76,87.80,77.00,28
1258,RPM00098646,2020-06-12,82.58,88.34,,28
1259,RPM00098646,2020-06-13,85.28,90.50,78.62,30
1260,RPM00098646,2020-06-14,84.92,89.24,80.42,29
1261,RPM00098646,2020-06-15,82.58,90.68,,28
1262,RPM00098646,2020-06-16,82.94,88.52,75.56,28
1263,RPM00098646,2020-06-17,84.74,,78.80,29
1264,RPM00098646,2020-06-18,79.88,86.90,,27
1265,RPM00098646,2020-06-19,81.68,87.98,76.82,28
1266,RPM00098646,2020-06-20,85.10,,77.18,29
1267,RPM00098646,2020-06-21,84.02,90.32,,29
1268,RPM00098646,2020-06-22,84.92,90.32,78.62,29
1269,RPM00098646,2020-06-23,85.28,90.50,79.16,30
1270,RPM00098646,2020-06-24,84.74,90.14,,29
1271,RPM00098646,2020-06-25,84.02,90.14,77.90,29
1272,RPM00098646,2020-06-26,82.04,89.06,,28
1273,RPM00098646,2020-06-27,82.22,88.34,76.46,28
1274,RPM00098646,2020-06-28,81.86,89.24,,28
1275,RPM00098646,2020-06-29,80.42,86.90,,27
1276,RPM00098646,2020-06-30,82.58,88.34,74.12,28
1277,RPM00098646,2020-07-01,84.92,,77.90,29
1278,RPM00098646,2020-07-02,85.82,,78.08,30
1279,RPM00098646,2020-07-03,82.76,88.34,,28
1280,RPM00098646,2020-07-04,83.12,89.78,77.00,28
1281,RPM00098646,2020-07-05,83.66,89.96,77.54,29
1282,RPM00098646,2020-07-06,83.84,89.06,77.54,29
1283,RPM00098646,2020-07-07,84.38,88.88,78.62,29
1284,RPM00098646,2020-07-08,84.38,90.32,,29
1285,RPM00098646,2020-07-09,84.02,90.14,76.46,29
1286,RPM00098646,2020-07-10,84.74,91.94,,29
1287,RPM00098646,2020-07-11,84.20,89.96,74.84,29
1288,RPM00098646,2020-07-12,84.74,,78.08,29
1289,RPM00098646,2020-07-13,85.64,92.12,,30
1290,RPM00098646,2020-07-14,84.92,90.68,,29
1291,RPM00098646,2020-07-15,83.12,90.68,77.18,28
1292,RPM00098646,2020-07-16,84.20,90.32,,29
1293,RPM00098646,2020-07-17,82.76,89.24,,28
1294,RPM00098646,2020-07-18,82.76,87.80,78.44,28
1295,RPM00098646,2020-07-19,83.12,88.88,,28
1296,RPM00098646,2020-07-20,83.48,90.14,,29
1297,RPM00098646,2020-07-21,81.32,85.10,75.56,27
1298,RPM00098646,2020-07-22,84.38,89.96,,29
1299,RPM00098646,2020-07-23,83.48,90.50,,29
1300,RPM00098646,2020-07-24,81.86,88.88,,28
1301,RPM00098646,2020-07-25,83.48,91.40,74.84,29
1302,RPM00098646,2020-07-26,83.48,90.50,,29
1303,RPM00098646,2020-07-27,82.58,,76.82,28
1304,RPM00098646,2020-07-28,79.34,87.26,,26
1305,RPM00098646,2020-07-29,82.22,87.44,76.28,28
1306,RPM00098646,2020-07-30,84.20,89.60,78.26,29
1307,RPM00098646,2020-07-31,81.86,,,28
1308,RPM00098646,2020-08-01,79.70,87.80,,26
1309,RPM00098646,2020-08-02,82.58,87.80,73.94,28
1310,RPM00098646,2020-08-03,82.58,87.80,,28
1311,RPM00098646,2020-08-04,83.48,88.88,,29
1312,RPM00098646,2020-08-05,81.86,87.98,,28
1313,RPM00098646,2020-08-06,82.40,90.14,75.74,28
1314,RPM00098646,2020-08-07,82.40,88.34,76.82,28
1315,RPM00098646,2020-08-08,83.48,,77.72,29
1316,RPM00098646,2020-08-09,84.02,88.88,78.80,29
1317,RPM00098646,2020-08-10,84.56,93.20,,29
1318,RPM00098646,2020-08-11,83.84,90.68,,29
1319,RPM00098646,2020-08-12,82.76,89.06,,28
1320,RPM00098646,2020-08-13,79.52,,75.20,26
1321,RPM00098646,2020-08-14,81.50,88.16,75.92,28
1322,RPM00098646,2020-08-15,83.84,90.50,76.10,29
1323,RPM00098646,2020-08-16,82.04,91.22,,28
1324,RPM00098646,2020-08-17,81.50,89.96,,28
1325,RPM00098646,2020-08-18,81.14,87.62,75.02,27
1326,RPM00098646,2020-08-19,80.06,86.54,,27
1327,RPM00098646,2020-08-20,80.60,87.80,75.20,27
1328,RPM00098646,2020-08-21,83.84,,76.64,29
1329,RPM00098646,2020-08-22,84.38,90.50,78.08,29
1330,RPM00098646,2020-08-23,83.66,89.96,78.08,29
1331,RPM00098646,2020-08-24,84.74,91.76,78.44,29
1332,RPM00098646,2020-08-25,85.82,,79.16,30
1333,RPM00098646,2020-08-26,85.64,,,30
1334,RPM00098646,2020-08-27,84.02,,79.16,29
1335,RPM00098646,2020-08-28,84.74,,79.52,29
1336,RPM00098646,2020-08-29,85.82,92.12,80.42,30
1337,RPM00098646,2020-08-30,84.38,90.32,,29
1338,RPM00098646,2020-08-31,84.56,90.32,,29
1339,RPM00098646,2020-09-01,84.56,93.92,,29
1340,RPM00098646,2020-09-02,83.84,92.66,76.64,29
1341,RPM00098646,2020-09-03,85.46,,78.08,30
1342,RPM00098646,2020-09-04,85.46,,78.44,30
1343,RPM00098646,2020-09-05,86.18,93.20,79.16,30
1344,RPM00098646,2020-09-06,84.56,93.02,79.52,29
1345,RPM00098646,2020-09-07,85.64,92.30,79.88,30
1346,RPM00098646,2020-09-08,84.38,92.12,,29
1347,RPM00098646,2020-09-09,83.84,91.40,74.48,29
1348,RPM00098646,2020-09-10,79.88,86.00,,27
1349,RPM00098646,2020-09-11,83.48,90.86,76.28,29
1350,RPM00098646,2020-09-12,83.84,91.76,,29
1351,RPM00098646,2020-09-13,84.38,92.30,77.36,29
1352,RPM00098646,2020-09-14,81.68,88.88,75.38,28
1353,RPM00098646,2020-09-15,80.96,87.08,75.92,27
1354,RPM00098646,2020-09-16,81.86,85.28,75.92,28
1355,RPM00098646,2020-09-17,78.08,85.28,,26
1356,RPM00098646,2020-09-18,82.94,89.60,75.20,28
1357,RPM00098646,2020-09-19,84.74,90.86,75.92,29
1358,RPM00098646,2020-09-20,84.38,91.40,,29
1359,RPM00098646,2020-09-21,82.22,,,28
1360,RPM00098646,2020-09-22,80.96,88.70,,27
1361,RPM00098646,2020-09-23,82.94,91.04,75.92,28
1362,RPM00098646,2020-09-24,83.66,91.76,77.72,29
1363,RPM00098646,2020-09-25,84.20,90.68,78.08,29
1364,RPM00098646,2020-09-26,83.84,90.32,,29
1365,RPM00098646,2020-09-27,84.20,90.50,77.18,29
1366,RPM00098646,2020-09-28,82.94,,,28
1367,RPM00098646,2020-09-29,81.86,,,28
1368,RPM00098646,2020-09-30,83.66,90.50,76.28,29
1369,RPM00098646,2020-10-01,84.56,93.20,78.08,29
1370,RPM00098646,2020-10-02,80.78,87.62,,27
1371,RPM00098646,2020-10-03,83.30,,,28
1372,RPM00098646,2020-10-04,82.58,89.24,,28
1373,RPM00098646,2020-10-05,83.48,,78.08,29
1374,RPM00098646,2020-10-06,83.48,89.78,77.72,29
1375,RPM00098646,2020-10-07,80.42,88.16,,27
1376,RPM00098646,2020-10-08,81.14,88.52,,27
1377,RPM00098646,2020-10-09,80.78,87.62,,27
1378,RPM00098646,2020-10-10,82.04,89.78,75.74,28
1379,RPM00098646,2020-10-11,80.78,,,27
1380,RPM00098646,2020-10-12,82.58,89.78,75.20,28
1381,RPM00098646,2020-10-13,81.50,,75.92,28
1382,RPM00098646,2020-10-14,82.58,90.50,76.64,28
1383,RPM00098646,2020-10-15,81.32,89.78,77.72,27
1384,RPM00098646,2020-10-16,82.04,,77.54,28
1385,RPM00098646,2020-10-17,81.14,89.60,,27
1386,RPM00098646,2020-10-18,82.76,,75.02,28
1387,RPM00098646,2020-10-19,81.68,,77.36,28
1388,RPM00098646,2020-10-20,83.66,89.78,78.62,29
1389,RPM00098646,2020-10-21,84.20,89.78,78.62,29
1390,RPM00098646,2020-10-22,83.66,90.50,,29
1391,RPM00098646,2020-10-23,81.32,,,27
1392,RPM00098646,2020-10-24,83.30,90.68,76.64,28
1393,RPM00098646,2020-10-25,80.24,,,27
1394,RPM00098646,2020-10-26,80.96,85.46,75.38,27
1395,RPM00098646,2020-10-27,81.68,,76.82,28
1396,RPM00098646,2020-10-28,81.68,88.34,75.74,28
1397,RPM00098646,2020-10-29,82.58,,75.92,28
1398,RPM00098646,2020-10-30,83.48,89.78,77.36,29
1399,RPM00098646,2020-10-31,82.58,,,28
1400,RPM00098646,2020-11-01,82.76,,76.10,28
1401,RPM00098646,2020-11-02,80.60,89.06,,27
1402,RPM00098646,2020-11-03,83.12,89.78,75.56,28
1403,RPM00098646,2020-11-04,82.94,90.14,77.00,28
1404,RPM00098646,2020-11-05,80.60,86.18,,27
1405,RPM00098646,2020-11-06,82.94,89.24,76.28,28
1406,RPM00098646,2020-11-07,79.34,,,26
1407,RPM00098646,2020-11-08,79.88,,,27
1408,RPM00098646,2020-11-09,81.32,90.50,74.66,27
1409,RPM00098646,2020-11-10,82.94,89.60,73.76,28
1410,RPM00098646,2020-11-11,82.22,86.36,,28
1411,RPM00098646,2020-11-12,82.40,89.60,76.46,28
1412,RPM00098646,2020-11-13,84.02,90.50,77.36,29
1413,RPM00098646,2020-11-14,84.38,90.32,,29
1414,RPM00098646,2020-11-15,84.02,89.78,,29
1415,RPM00098646,2020-11-16,84.20,,78.08,29
1416,RPM00098646,2020-11-17,83.12,89.78,,28
1417,RPM00098646,2020-11-18,82.76,90.14,,28
1418,RPM00098646,2020-11-19,82.76,,76.46,28
1419,RPM00098646,2020-11-20,84.38,90.68,76.64,29
1420,RPM00098646,2020-11-21,83.66,88.88,78.80,29
1421,RPM00098646,2020-11-22,84.56,,79.70,29
1422,RPM00098646,2020-11-23,82.76,86.36,79.34,28
1423,RPM00098646,2020-11-24,83.48,,77.72,29
1424,RPM00098646,2020-11-25,82.04,89.96,,28
1425,RPM00098646,2020-11-26,82.58,91.22,77.18,28
1426,RPM00098646,2020-11-27,81.14,85.10,,27
1427,RPM00098646,2020-11-28,82.58,88.70,77.00,28
1428,RPM00098646,2020-11-29,82.94,,78.26,28
1429,RPM00098646,2020-11-30,82.58,90.14,,28
1430,RPM00098646,2020-12-01,82.22,,,28
1431,RPM00098646,2020-12-02,80.24,88.88,,27
1432,RPM00098646,2020-12-03,81.86,,77.36,28
1433,RPM00098646,2020-12-04,81.50,89.24,,28
1434,RPM00098646,2020-12-05,82.22,87.98,74.30,28
1435,RPM00098646,2020-12-06,79.88,86.00,,27
1436,RPM00098646,2020-12-07,81.50,87.98,,28
1437,RPM00098646,2020-12-08,81.68,87.08,75.38,28
1438,RPM00098646,2020-12-09,81.50,89.06,,28
1439,RPM00098646,2020-12-10,81.86,89.24,,28
1440,RPM00098646,2020-12-11,82.22,88.88,75.56,28
1441,RPM00098646,2020-12-12,83.30,,,28
1442,RPM00098646,2020-12-13,83.48,89.96,,29
1443,RPM00098646,2020-12-14,81.50,89.42,,28
1444,RPM00098646,2020-12-15,82.40,87.98,77.72,28
1445,RPM00098646,2020-12-16,79.70,84.92,,26
1446,RPM00098646,2020-12-17,80.78,87.98,75.74,27
1447,RPM00098646,2020-12-18,78.44,,76.82,26
1448,RPM00098646,2020-12-19,81.68,87.62,76.64,28
1449,RPM00098646,2020-12-20,82.76,89.06,78.26,28
1450,RPM00098646,2020-12-21,82.40,88.16,78.62,28
1451,RPM00098646,2020-12-22,82.76,89.42,,28
1452,RPM00098646,2020-12-23,82.58,88.16,,28
1453,RPM00098646,2020-12-24,82.94,88.52,76.82,28
1454,RPM00098646,2020-12-25,80.24,84.38,,27
1455,RPM00098646,2020-12-26,80.96,88.34,,27
1456,RPM00098646,2020-12-27,80.96,86.72,75.38,27
1457,RPM00098646,2020-12-28,78.62,,,26
1458,RPM00098646,2020-12-29,82.04,89.24,75.38,28
1459,RPM00098646,2020-12-30,81.86,87.80,,28
1460,RPM00098646,2020-12-31,81.68,86.54,,28
